"MonthlyCharges","Tenure","Churn"
48.76,39,0
98.83,22,1
60.9,22,0
108.3,57,1
114.05,70,0
24.56,24,1
72.81,51,0
109.24,26,1
75.14,2,1
65.66,20,0
115.68,13,1
65.33,47,0
87.76,61,0
77.26,60,0
30.29,6,0
109.98,41,1
44.61,51,0
24.21,62,0
52.79,8,0
115.45,5,1
108.95,53,0
89.28,18,1
84.05,32,0
119.43,20,1
85.57,20,0
90.85,66,0
74.41,38,0
79.41,61,1
48.92,61,0
34.71,29,0
116.3,71,1
110.23,23,0
89.07,7,0
99.55,19,1
22.46,42,0
67.78,48,0
95.85,30,0
41.64,22,1
51.82,61,0
43.16,1,1
34.28,1,0
61.45,52,0
61.37,1,0
56.88,66,0
35.24,32,0
33.88,65,0
43.3,31,0
66.6,9,0
46.6,2,0
105.78,57,0
24.58,62,0
64.22,42,1
99.89,66,1
32.19,26,0
76.09,64,0
40.65,59,0
32.75,63,0
95.33,45,0
109.5,35,0
57.45,30,0
86.51,30,0
29.48,35,0
58.4,54,0
47.44,46,0
101.46,49,0
64.85,31,0
101.01,30,1
101.24,28,1
99.43,53,0
63.98,22,0
95.45,55,1
82.92,21,0
91.02,29,1
20.06,32,0
67.53,68,0
42.01,62,0
57.98,67,0
81.28,14,1
55.18,54,0
31.11,14,0
44.36,18,0
86.81,52,0
61.76,10,1
98.82,30,1
30.29,13,0
63.49,44,0
118.5,26,1
109.31,24,1
108.65,41,1
37.51,32,0
33.07,27,0
85.31,10,0
54.35,10,0
85.68,2,0
52.04,70,0
38.77,57,0
98.23,66,1
29.36,45,0
66.68,18,0
71.15,7,1
80,14,1
53.28,56,0
68.86,50,0
115.45,34,1
68.29,48,0
109.04,62,0
111.44,24,0
80.87,41,0
61.07,1,0
34.71,64,0
113.53,34,0
50.12,61,0
26.07,38,1
114.77,50,1
92.06,17,1
34.23,2,0
74.93,38,0
115.41,14,0
78.55,1,1
60.45,57,0
84.79,63,0
51.98,61,1
50.77,58,0
41.98,20,0
56.95,47,0
118.42,43,1
35.42,39,0
29.1,57,0
34.19,59,0
89,58,0
81.93,22,1
109.14,44,1
87.3,57,0
93.71,36,0
72.11,70,0
85.98,34,0
102.18,61,0
98.63,38,1
117.98,47,1
63.94,8,1
51.17,35,0
60.95,55,0
21.05,40,0
38.38,72,0
104.27,6,1
43.12,26,0
43.91,52,0
27.67,43,0
44.57,4,0
93.21,11,1
104.75,20,0
69.75,24,0
58.79,4,0
44.64,4,1
31.11,64,0
59,1,1
77.19,15,1
41.69,11,0
64.48,57,0
41.8,33,0
70.23,13,0
55.39,1,0
85,63,0
57.47,64,0
55.54,35,0
73.37,20,0
94.03,2,1
42.11,68,0
61.27,54,0
46.57,69,0
83,64,0
38.38,63,1
106.36,35,1
94.66,34,1
86.83,26,1
81.8,42,1
57.22,63,0
72.98,57,0
107.47,5,1
78.18,51,0
103.98,22,0
51.24,4,0
90.83,15,1
46.5,3,1
79.43,43,0
68.13,40,0
46.5,34,1
76.46,50,0
111.32,19,1
110.19,46,1
47.42,42,0
52.15,3,1
118.56,2,1
82,38,1
113.73,32,0
66.65,53,0
60.68,18,0
85.92,30,0
35.23,7,0
77.29,13,1
43.87,10,1
116.24,16,1
80.14,53,0
71.5,1,1
60.26,57,0
108.02,7,1
56.41,35,0
48.82,65,0
37.06,60,0
37.22,60,0
68.2,25,0
45.3,58,0
41.63,54,0
87.44,2,1
24.77,34,0
90.09,37,0
55.19,69,0
60.89,71,0
102.1,34,1
111.89,62,1
48.25,36,0
116.11,48,0
92.84,60,0
88.64,19,0
25.28,20,1
59.52,15,0
67.78,11,1
76.03,50,0
89.83,49,1
111.57,67,1
81.84,24,1
62.84,62,0
74.21,68,0
25.85,33,0
46.09,13,1
59.72,49,0
39.77,53,0
103.19,59,0
35.29,70,0
100.34,7,1
74.68,39,0
86.23,60,0
37.17,63,0
83.31,60,0
51.19,54,0
92.46,21,1
59.89,47,1
116.94,5,1
116.74,48,1
92.67,33,1
45.72,10,0
42.18,15,0
79.3,51,1
46.75,21,0
73.11,4,1
98.53,47,0
36.81,18,1
60.44,59,0
67.16,9,0
106.81,53,1
112.57,33,0
108.2,8,1
87.42,35,0
115.02,28,0
71.64,24,1
77.65,54,0
53.63,37,0
54.73,4,0
22,16,0
70.28,30,1
107.1,4,1
20.63,10,0
27.21,25,1
36.42,19,0
97.03,53,1
93.52,24,1
117.19,57,1
66.65,19,0
27.44,40,0
84.88,50,0
95.86,14,0
33.71,50,0
59.66,42,0
42.5,12,0
25.8,47,0
59.59,44,0
26.49,6,0
42.59,2,1
25.46,50,0
87.03,18,0
49.77,54,0
30.07,29,1
27.19,11,0
108.04,32,1
95.42,72,0
101.66,26,0
118.21,57,0
30.36,54,0
29.9,18,0
99.88,38,1
98.46,20,1
20.94,46,0
97.91,6,0
92.94,67,0
83.01,2,1
68.09,8,0
35.66,31,0
20.82,52,0
65.25,25,0
69.23,28,0
58.96,50,1
66.47,1,1
91.33,31,0
25.53,62,0
55.48,6,1
100.28,56,1
103.57,20,1
43.77,50,1
55.4,53,1
105.69,5,1
105.38,9,0
49.59,46,0
34.7,59,0
90.4,10,0
30.38,62,0
23.37,71,0
119.94,17,1
23.49,61,0
53.84,49,0
111.51,32,1
81.72,38,0
48.63,35,1
93.78,4,1
103.41,39,1
51.43,4,1
69.26,23,0
89.74,45,1
84.15,71,0
84.39,40,1
117.79,59,0
61.47,46,0
31.94,37,0
72.6,1,0
42.51,71,0
68.64,1,1
57.02,71,0
118.34,48,0
58.83,2,1
42.92,58,0
82.33,39,1
33.65,65,0
116.75,14,1
71.51,55,0
36.31,60,0
82.19,45,0
118.6,67,0
86.88,27,1
61.89,24,0
52.33,17,0
103.53,19,1
34.38,25,0
39.28,20,0
109.67,52,0
50.81,35,0
56.33,11,0
98.39,4,0
39.34,60,0
21.78,58,0
60.66,46,0
68.32,22,0
62.18,36,0
54.28,67,0
106.65,64,0
65.51,11,1
73.38,71,0
116.38,28,1
97.46,53,0
40.89,34,0
50.88,53,0
117.13,70,0
78.49,54,0
96.08,13,0
57.27,12,0
96.92,13,1
73.77,65,0
111.4,40,1
38.53,40,0
48.22,68,0
29.5,47,0
41.05,48,0
117.71,51,1
49.63,45,0
92.6,22,1
98.57,69,1
30.54,63,0
43.96,62,0
47.05,11,1
30.11,27,0
31.79,44,0
119.12,47,0
118.61,51,0
33.71,35,0
110.53,56,0
77.63,61,1
59.54,39,0
64.98,63,0
90.65,69,0
28.25,17,1
53.93,36,0
88.08,18,1
51.69,20,1
103.16,63,0
41.52,2,0
69.79,3,1
47.6,69,0
39.2,22,0
115.06,60,0
52.17,59,0
67.85,32,1
22.8,1,0
74.75,70,0
84.42,9,1
79.63,21,0
52.19,25,1
109.11,11,1
82.63,60,0
50.29,9,0
58.82,37,1
36.05,10,0
106.26,52,0
115.31,36,0
76.36,27,0
52.95,34,0
119.66,19,1
43.48,35,0
81.27,51,0
30.82,29,1
68.7,55,0
29.94,42,0
36.12,52,0
48.3,56,0
78.39,20,1
93.17,47,1
36.55,26,0
106.65,38,1
90.86,6,0
96.04,14,1
34.71,18,0
55.81,3,1
87.33,68,0
72.38,17,0
54.98,64,0
44.05,16,0
25.82,44,0
43.66,22,0
109.01,31,0
101.18,43,0
94.75,43,0
35.49,35,0
32.47,25,0
117.47,15,0
63.61,23,0
66.4,34,0
36.53,56,0
78.49,43,1
47.08,5,1
43.01,37,0
89.12,29,0
48.29,3,0
101.04,43,0
29.39,26,0
102.2,12,1
62.74,14,1
95.59,21,1
86.24,21,0
64.45,69,0
82.71,8,1
20.05,32,0
41.72,69,0
90.49,61,0
41.52,40,0
101.39,65,0
50.78,50,0
88.77,44,1
113.27,42,1
31.58,16,0
32.77,63,0
87.82,65,0
62.89,19,0
103.44,51,1
117.14,28,1
27.05,45,0
65.98,12,0
90.16,45,0
28.69,26,0
119.29,40,1
45.31,45,0
24.95,29,0
88.63,15,1
98.69,3,1
55.36,72,0
56.64,57,0
48.71,4,1
28,54,0
56.55,7,1
37.8,59,0
73.61,42,1
70.39,67,0
114.5,11,1
54.13,3,1
66.47,50,0
28.25,70,0
106.01,47,1
59.57,66,0
93.59,49,0
37.17,39,0
65.48,47,0
97.02,34,0
26.26,59,0
101.51,28,0
50.11,56,0
56.47,9,0
51.21,57,1
23.74,70,0
71.88,4,0
87.9,51,0
110.32,10,1
22.55,72,0
118.91,47,1
50.29,3,0
113.91,7,1
88.76,41,0
64.7,67,0
101.65,4,1
23.95,51,0
93.9,13,0
54.87,39,0
102.93,12,1
73.55,7,1
47.45,13,0
100.09,7,0
29.16,48,0
103.21,70,0
47.69,72,0
95.31,53,1
116.42,60,0
28.15,30,0
105.44,4,0
100.22,41,0
58.52,50,0
52.76,47,1
40.49,7,0
76.94,67,0
108.81,28,0
72.97,33,0
78.7,31,1
86.57,44,0
72.99,41,0
70.98,65,0
21.62,50,0
24.77,49,0
112.94,59,0
96.93,35,1
40.11,39,0
85.03,44,1
85.38,13,1
59.53,38,0
101.23,17,1
74.7,61,1
108.51,22,0
75.33,35,0
110.6,51,1
78.75,47,0
62.35,57,0
114.96,53,0
90.9,68,0
61.33,64,0
21.84,3,0
76.67,37,1
69.01,35,1
107.87,67,0
101.29,12,1
105.41,32,1
56.79,36,0
107.39,22,0
35.13,11,0
48.18,21,1
86.67,10,1
117.74,71,1
78.27,56,0
72.66,26,0
26.08,1,0
116.9,42,1
32.02,21,0
28.84,44,0
108.08,13,1
70.84,62,0
53.75,16,1
109.43,54,0
23.2,60,0
43.72,13,0
88.65,55,1
42.58,72,0
51.85,71,0
37.4,38,0
100.14,65,0
34.63,44,0
102.27,72,0
53.1,20,0
57.42,9,1
82.97,65,0
29.66,66,0
22.2,52,0
119.3,1,1
78.39,21,1
98.18,72,1
109.19,8,1
95.49,71,0
117.92,47,1
24.41,39,0
110.34,12,0
106.55,65,0
97.54,65,0
57.68,1,1
24.21,5,0
56.44,1,1
47.38,4,0
105.05,22,1
56.24,68,1
50.45,22,0
95.91,46,0
104.48,25,1
65.79,36,0
92.96,10,1
30.41,50,0
42,56,0
115.4,1,1
95.2,21,0
101.9,62,0
61.78,26,0
79.38,60,0
99.88,50,1
108.84,54,1
58.52,62,0
29.03,2,0
82.57,26,0
94.56,72,0
28.54,61,0
50.05,51,0
81.46,63,0
95.29,14,1
111.71,29,1
67.58,18,0
76.71,24,1
93.66,5,1
105.74,23,1
110.91,62,1
25.64,62,0
70.29,22,0
55.05,24,0
104.56,44,1
100.64,26,1
31.73,25,0
91.27,53,1
43.53,23,0
27.5,46,0
113.56,17,1
35.72,42,0
84.71,41,0
37.35,72,0
22.01,42,0
72.13,66,0
28.63,51,0
48.3,39,1
62.04,70,0
78.73,34,1
100.67,1,1
40.2,40,1
65.94,10,0
64.81,43,1
93.37,32,1
91.48,60,1
103.12,54,0
108.66,42,0
115.26,19,0
75.06,31,1
72.23,66,0
37.07,61,0
67.93,54,0
45.38,53,0
23.98,17,0
83.48,4,0
73.96,60,1
34.01,29,0
48.37,14,1
78.3,18,0
36.5,50,0
29.63,1,0
62.86,47,1
55.58,39,0
104.49,49,0
46.01,63,0
22.31,7,0
106.24,57,0
53.46,51,0
83.18,48,0
74.64,33,0
57.64,50,0
38.59,13,0
62.89,70,0
83.08,21,1
72.08,60,0
85.96,8,1
92.94,27,1
68.68,46,0
58.45,57,0
20.68,59,0
20.37,58,0
119.49,20,1
30.79,18,0
61.87,44,0
91.79,22,0
94.25,1,1
107.2,63,0
80.79,65,0
95.62,46,0
104.72,18,0
81.28,65,0
99.32,4,1
22.29,11,0
61.69,58,0
107.49,13,0
84.73,34,0
112.45,72,1
37.22,48,0
51.58,31,0
100.43,5,1
118.9,44,0
52.24,63,0
20.12,70,0
119.22,68,0
34.84,21,0
24.94,55,0
79.74,62,0
52.13,55,0
72.79,26,0
99.54,58,0
26.89,34,0
89.5,15,1
114.86,14,1
47.78,58,0
44.94,29,0
35.94,16,0
27.16,48,0
75.74,65,0
68.98,38,1
69.43,14,1
108.84,54,1
23.67,58,0
40.37,30,0
71.38,63,0
43.63,24,0
77.54,71,1
68.23,2,1
76.94,5,0
34.42,49,1
34.57,50,0
61.23,14,1
88.3,34,1
85.34,42,1
111.6,26,1
101.31,9,1
87.59,30,0
100.75,16,1
32.81,1,0
45.08,60,1
53.15,64,0
60.73,65,0
83.54,12,0
100.86,63,0
45.88,24,0
101.95,39,0
21.55,51,1
85.44,67,0
101.17,24,1
66.14,58,0
40.34,39,0
21.88,71,0
48.31,8,0
111.53,18,1
113.37,59,1
74.25,70,0
41.94,65,0
68.94,13,0
100.11,6,1
60.76,10,1
30.37,36,0
48.06,53,0
56.15,36,0
45.92,28,1
67.07,60,0
56.58,27,0
32.13,24,0
24.7,1,0
46.28,5,0
116.86,57,1
68.85,59,0
67.78,6,1
94.88,20,0
86.76,56,0
24.94,13,0
89.51,57,1
56.33,36,0
108.41,23,1
97.53,66,0
33.92,12,0
49.5,70,0
32.61,65,0
78.99,29,1
76.17,40,0
88.87,22,1
51.13,49,0
80.56,36,1
119.1,15,1
94.32,37,1
27.59,36,0
65.12,19,0
25.35,61,0
53.96,1,1
93.4,51,1
20.41,25,1
97.19,15,1
66.3,55,1
92.08,50,0
86.65,46,1
77.21,50,1
90.38,27,0
85.72,11,0
48.94,23,0
29.72,57,0
116.24,62,0
93.63,55,1
81.27,54,0
31.99,13,0
75.03,20,1
46.28,19,1
109.84,27,1
20.92,14,0
43.62,33,0
33,41,0
52.62,17,0
92.64,61,0
119.17,10,0
91.51,47,1
70.44,38,0
63.6,46,0
114.88,25,1
32.02,55,1
27.51,40,0
108.9,18,1
62.45,9,1
24.24,6,0
84.74,41,0
66.86,56,0
81.79,36,1
47.08,44,0
35.73,11,1
31.43,2,0
70.77,37,0
74.8,29,0
34.06,28,0
36.98,9,0
96.2,71,1
72.74,28,1
106.1,50,0
87.36,13,1
21.3,65,0
89.32,34,1
109.17,51,0
83.19,58,0
30.73,7,1
112.11,68,1
87.54,41,1
34.86,67,0
94.53,56,0
114.26,25,1
62.08,54,0
49.77,18,0
45.94,7,0
42.29,46,0
76.57,70,0
95.67,51,0
86.96,46,0
74.65,16,0
101.15,2,1
95.92,54,0
22.01,27,0
58.09,44,0
25.09,49,0
99.79,45,0
112.37,69,0
74.26,71,0
105.24,48,0
78.36,42,0
86.83,1,1
71.13,72,0
96.28,65,0
110.34,8,0
102.05,64,0
27.14,37,0
20.39,14,0
25.22,49,0
106.66,49,1
77.62,32,0
51.38,55,0
115.95,43,0
79.12,30,0
73.14,47,1
58.39,36,0
51.96,49,0
100.84,72,0
24.19,55,0
56.37,59,0
105.66,71,0
89.79,53,0
88.45,21,0
54.8,20,0
75.47,20,1
33.72,38,0
98.49,50,1
108.69,72,0
40.41,10,0
97.06,38,0
79.64,21,1
115.77,28,1
35.87,8,0
72.6,17,1
107.32,40,0
106.97,56,0
22.37,16,0
117.59,30,1
69.02,55,0
58.92,46,0
61.76,42,0
29.29,61,0
36.18,47,0
60.54,24,0
54.18,7,0
61.53,68,1
50.41,47,0
76.03,13,1
35.59,14,1
115.66,19,1
24.4,65,0
57.22,31,0
116.26,6,1
84.54,49,1
26.13,24,1
60.99,35,0
62.59,35,0
70.82,63,0
64.96,1,0
82.33,64,0
34,18,0
110.79,30,1
76.94,41,0
74.83,41,0
31.68,44,0
96.2,18,0
67.84,32,0
98.2,50,1
24.6,50,0
101.98,57,0
46.94,12,1
48.29,11,1
84.32,65,0
114.81,40,1
20.7,58,0
55.16,35,1
61.9,17,0
65.79,64,0
91.17,39,1
111.98,26,1
82.71,45,0
110.22,21,0
95.73,25,1
33.79,30,0
35.33,26,0
39.13,65,0
63.32,26,0
28.72,68,0
42.38,44,0
77.21,39,1
60.02,30,0
76.55,68,0
102.96,65,0
84.21,70,0
59.15,63,0
90.96,21,1
30.88,63,0
47.36,1,1
79.39,56,0
36.02,37,0
105.34,14,1
104.77,40,1
67.79,68,0
97.37,2,1
49.54,55,0
26.56,9,0
64.05,1,1
66.21,49,1
54.09,19,1
38.51,41,0
70.7,8,0
21.92,16,0
97.37,63,0
75.97,48,0
84.15,23,0
66.84,36,0
47.92,47,0
66.12,67,0
99.27,6,1
78.56,32,1
59.48,11,0
101.12,10,1
51.86,57,0
78.14,70,1
65.55,44,0
46.88,19,1
75.52,46,0
43.12,32,0
74.32,14,0
64.76,59,0
33.03,25,0
82.17,15,1
74.8,52,0
34.92,48,0
75.95,53,0
62.69,41,0
64.77,56,0
103.33,56,1
91.96,37,1
65.69,7,1
72.13,18,0
44.25,26,0
27.59,35,0
59.13,58,0
21.31,57,0
106.75,23,1
119.26,8,1
90.89,11,1
102.67,4,1
109.19,53,0
73.94,1,0
75.53,27,0
47.64,32,0
85.92,21,0
44.34,59,0
48.83,58,1
91.58,13,1
92.75,31,0
37.3,5,0
50.63,15,0
56.99,64,0
27.77,1,0
91.32,37,0
75.09,67,0
33.59,13,0
117.42,48,0
76.2,24,1
98.84,5,1
104.89,23,0
107.8,67,1
100.05,16,1
84.01,32,1
82.89,12,0
47.14,41,1
22.99,63,0
61.99,67,0
55.54,53,0
59.23,12,0
37.19,9,0
51.96,53,0
61.36,17,1
95.93,59,0
47.19,24,0
31.56,26,0
22.93,1,0
100.69,11,1
68.01,3,0
100.62,71,0
27.9,38,1
31.53,5,0
32.94,20,0
93.87,18,0
95.71,30,0
119.25,30,0
82.46,57,0
48.87,23,1
39.99,50,0
100.09,42,0
92.78,45,1
41.7,61,0
94.42,38,1
106.67,9,1
72.94,57,0
79.86,38,1
113.76,71,0
115.07,30,1
86.05,64,0
27.23,8,0
102.63,47,1
67.95,21,0
59.12,66,1
49.91,29,0
44.43,24,0
62.18,30,0
113.78,10,1
46.45,37,0
76.86,49,1
40.22,23,0
39.28,28,0
91.86,37,1
51.35,65,0
33.84,4,1
25.8,50,0
113.11,49,0
76.83,72,0
31.78,36,0
76.48,21,1
74.03,46,0
101.97,22,1
90.3,16,1
76.77,43,1
92.13,32,0
95.24,14,0
58.14,9,1
48.8,55,0
73.17,36,0
45.96,20,0
103.18,38,1
60.54,53,1
27.26,25,0
115.38,12,1
41.72,46,0
60.56,56,0
82.57,29,0
82.84,55,0
52.82,36,1
33.89,62,0
111.47,6,1
79.91,68,0
94.96,43,1
111.9,15,1
72.88,33,0
57.2,1,1
26.58,66,0
105.44,51,1
71.04,14,1
41,47,0
57.58,12,0
40.74,65,0
65.92,47,0
44.15,59,0
31.87,64,0
27.25,49,0
89.1,17,1
48.7,44,0
34.94,66,0
117.24,7,1
61.05,27,0
60.18,15,1
84.86,67,0
111.63,13,1
41.67,5,0
74.8,62,1
92.01,40,1
59.72,15,0
29.4,61,1
83.49,14,1
20.25,2,0
41.05,36,0
87.9,66,0
106.62,54,0
99.97,39,0
33.5,23,1
58.75,13,0
98.85,15,1
89.29,34,0
79.43,15,1
32.39,52,0
75.51,20,0
64.94,20,0
96.62,22,1
22.61,59,0
39.52,24,0
108.12,10,1
30.98,67,0
116.86,64,0
58.52,70,0
105.86,31,1
108.74,58,1
68.91,60,0
91.81,21,0
68.67,37,0
118.87,56,0
26.48,63,0
35.77,22,0
98.53,46,0
74.22,18,0
61.65,5,1
119.89,59,0
45.57,56,0
70.79,17,0
27.9,34,0
101.37,4,1
58.22,27,0
100.22,29,0
39.79,8,1
114.64,67,0
54.57,4,1
72.21,66,0
31.17,24,0
108.6,5,1
115.43,69,1
24.04,17,0
69.36,22,0
42.61,65,0
105.88,14,0
73.09,12,1
20.46,46,0
47.76,51,0
52.52,15,1
78.87,19,1
44.97,25,0
24.31,21,0
31.07,50,0
90.38,50,0
113.9,18,1
51.12,8,1
27.85,49,0
52.17,63,0
82.49,47,0
64.02,49,0
100.13,43,0
47.93,14,1
77.07,52,0
24.21,63,0
39.07,30,0
92.71,25,1
102.67,40,0
71.07,5,1
76.77,27,1
20.12,55,0
34.38,22,0
106.6,59,0
28.26,13,0
44.46,47,0
118.15,32,1
77.76,39,1
44.87,45,0
81.5,58,0
23.18,14,1
34.64,63,0
90.31,19,1
26.56,32,0
82.18,16,1
113.73,51,1
28.79,57,0
117.28,66,0
22.6,2,0
92.52,33,1
65.37,66,0
76.62,24,1
107.27,7,0
75.46,54,1
93.77,8,1
82.31,70,0
51.1,42,0
59.22,3,1
40.21,28,0
105.28,9,1
80.68,47,0
95.61,61,1
76.25,53,0
47.59,27,1
93.56,28,1
74.93,49,1
54.61,24,0
71.5,33,0
101.58,16,1
72.63,42,1
40.3,36,0
104.81,72,0
57.05,31,0
50.33,49,0
97.06,61,0
93.34,36,1
103.89,11,1
76.9,56,0
22.63,44,0
68.61,4,1
74.27,42,0
103.67,44,1
92.87,59,0
75.51,66,0
27.34,60,0
33.65,19,0
88.46,64,0
29.96,17,1
40.38,46,1
56.6,8,0
104.62,53,0
43.69,43,0
90.49,56,0
30.76,4,0
97.91,52,1
45.51,67,0
74.8,36,0
23.39,69,0
100.61,57,1
53.78,34,0
111.63,17,1
55.71,10,0
117.54,4,1
58.44,58,0
68.87,59,0
69.08,32,1
21.23,69,0
84.15,10,0
71.26,5,1
52.04,1,1
78.14,50,0
81.73,47,0
63.83,18,0
37.04,7,1
91.51,14,0
94.78,21,1
104.39,43,1
73.48,44,0
50.22,33,0
65.65,65,0
58.43,58,0
44.9,47,1
85.46,61,0
115.53,11,1
49.11,3,1
85.02,34,1
73.64,12,1
79.75,20,1
22.49,59,1
20.48,62,0
33.14,38,0
22.48,71,0
29.21,36,0
67.56,62,0
39.67,8,1
101.47,14,1
44.41,57,0
68.88,62,0
84.89,27,1
35.87,55,0
103.7,32,0
63.66,24,0
43.35,22,0
49.89,38,0
35.94,23,1
78.56,15,1
34.88,9,0
37.91,51,0
53.92,70,1
38.39,4,1
60.55,41,0
81.36,39,0
88.57,12,1
102.35,70,0
57.4,11,0
115.28,9,0
21.88,28,0
81.24,19,1
66.36,64,1
55.47,19,0
108.24,2,1
27.58,57,0
108.33,47,1
38.82,55,0
41.51,42,0
106.95,56,0
26.08,55,0
43.49,11,1
119.3,67,0
87.82,47,1
63.55,35,0
57.73,22,1
66.12,49,0
100.19,49,0
86.3,26,1
66.6,64,0
25.33,43,0
43.72,71,0
43.32,18,0
43.07,19,0
26.17,27,0
69.71,72,0
44.41,71,1
95.82,29,0
74.73,22,1
114.81,54,1
28.62,24,0
114.79,71,0
92.24,45,0
112.2,63,0
81.38,27,1
36.1,11,0
38.29,65,0
93.02,29,0
78.95,21,1
51.25,23,0
97.28,60,0
53.63,46,1
105.57,55,0
78.05,20,1
61.57,50,0
113.26,7,1
66.27,51,1
29.93,57,0
66.54,29,0
118.41,71,0
112.53,63,0
63.54,65,0
106.97,60,1
50.04,7,1
99.8,34,1
100.05,66,0
58.69,24,0
58.16,26,0
84.55,26,0
106.17,21,1
85.66,44,1
71.63,53,0
34.88,41,0
81.28,6,1
24.2,33,0
69.84,16,0
93.95,8,1
95.39,18,1
26.31,23,0
64.25,15,0
70.07,4,1
47.02,52,0
79.88,32,0
93.58,32,1
91.36,39,0
31.65,55,0
77.51,46,0
99.81,40,1
43.18,56,0
92.49,71,0
103.8,4,1
31.88,10,0
115.9,33,1
94.78,65,0
101.09,14,1
38.99,53,1
22.6,31,0
106.38,12,1
111.92,39,0
33.76,53,0
67.76,55,0
66.3,65,0
90.02,51,0
26.56,36,0
93.3,44,0
59.59,17,0
66.15,21,1
92.53,43,1
67,29,0
119.95,16,1
104.59,39,0
102.82,50,0
96.16,20,1
31.21,34,0
103.9,68,1
101.39,69,0
119.14,47,0
24.83,19,0
94.68,14,1
61.93,42,0
78.21,62,0
103.07,32,0
21.35,53,0
21.15,61,0
119.64,71,0
96.57,39,1
51.47,50,0
101.2,23,1
119.12,54,1
40.08,33,0
84.6,65,0
63.76,4,1
113.8,55,0
118.8,36,1
65.63,53,0
43.06,66,0
89.55,30,0
75.66,60,0
78.47,52,0
63.36,54,0
62.62,18,1
79.69,49,0
65.21,64,0
115.66,9,1
104.44,71,1
42.28,23,1
62.02,17,1
62,31,0
22.08,12,0
58.04,55,0
62.23,42,0
39.14,57,0
90.53,55,0
21.35,57,0
93.12,37,1
63.27,21,0
93.12,50,0
21.39,60,0
24.53,24,0
61.84,4,0
84.38,42,0
41.98,12,0
103.34,40,0
89.48,58,0
109.91,59,1
61.42,41,0
61.1,35,1
45,21,0
57.38,52,1
43.19,23,0
113.16,15,1
67.63,31,0
24.77,28,0
97.35,17,0
53.11,30,0
75.29,33,0
87.63,30,0
47.73,58,0
25.29,39,0
62.58,44,0
81.01,28,0
117.6,19,0
116.98,67,0
28.85,44,0
69.84,33,0
59.57,2,1
59.03,46,0
51.85,7,0
88.26,47,1
48.46,19,0
59.01,59,0
119.02,5,1
99.2,2,1
51.24,58,0
101.71,39,0
42.09,52,0
70.11,32,0
36.7,32,0
31.97,60,0
109.76,52,1
29.37,61,0
106.51,63,1
47.66,4,0
22.73,64,0
98.74,34,0
55.87,68,0
22.51,72,0
94.61,3,0
22.96,41,0
63.39,72,0
45.66,39,0
69.8,40,1
85.34,4,1
28.37,53,0
38.05,57,0
30.45,31,0
101.24,24,1
82.75,24,1
83.06,11,1
59.09,27,1
63.23,38,1
54.86,1,1
99.36,51,0
108.69,35,0
85.11,18,1
79.29,8,1
52.78,48,0
27.57,34,0
79.14,18,1
37.83,44,0
94.14,17,1
49.39,63,0
83.92,15,0
32.48,53,0
45.53,21,1
102.06,23,0
100.38,45,0
24.58,61,1
107.55,16,1
32.8,35,0
80.88,51,0
66.96,41,1
75.73,38,0
93.04,29,0
66.99,19,0
118.86,45,1
118.47,36,1
59.33,60,0
80.88,10,1
54.55,52,1
63.71,20,1
42.91,51,0
20.61,33,0
22.39,30,0
25.88,69,0
96.46,16,0
66.9,34,1
105.08,54,0
78.17,59,0
38.69,20,0
80.91,32,1
109.33,69,0
99.43,48,0
70.41,12,0
62.3,55,0
85.44,30,1
108.77,47,1
109.2,1,1
37.84,12,0
45.75,72,0
31.34,7,0
99.72,10,0
30.95,52,0
102.91,70,0
97.1,5,1
114.37,7,1
66.7,68,0
113.99,38,1
98.52,41,1
107.46,53,1
59.45,68,0
29.97,45,0
47.7,16,1
92.22,45,0
55.63,6,0
58.27,17,1
23.2,54,0
72.14,23,0
32.11,70,0
108.52,30,1
27.46,10,0
98.42,67,0
105.41,42,1
23.72,50,0
47.51,50,0
84.21,26,0
98.51,69,0
60.01,47,0
113.53,15,1
59.05,66,0
62.4,63,0
48.64,69,0
81.17,17,1
75.88,70,0
24,29,0
94.53,62,0
40.65,30,0
85.65,69,0
72.24,4,0
83.34,14,0
81.76,58,0
48.49,21,0
42.38,70,0
73.9,25,0
119.64,48,1
52.89,63,0
52.33,34,0
23.53,27,0
72.56,10,1
79.68,51,0
94.21,28,1
115.28,22,1
68.96,37,1
28.33,3,0
45.99,43,0
107.48,68,0
105.21,7,1
104.29,54,0
114.69,63,0
85.27,35,1
68.82,27,1
38.78,68,0
91.3,54,1
28.51,66,0
66.12,22,0
113.59,53,1
104.53,37,1
91.62,1,1
32.38,66,0
79.48,56,0
118.99,43,1
81.54,32,0
47.31,36,0
26.37,5,1
27.23,63,0
107.35,14,1
56.28,67,0
114.56,19,0
75.83,52,0
71.27,2,1
114.78,53,0
30.98,41,1
101.89,64,0
57.73,49,0
75.66,30,1
51.39,20,0
28.23,69,0
97.99,67,1
39.32,68,0
85.56,18,0
63.51,70,0
39.71,65,0
119.47,50,1
64.67,5,1
23.14,36,0
113.7,40,0
107.1,46,1
80.12,41,0
49.9,27,1
100.93,25,1
115.21,31,0
105.21,14,1
32.73,63,0
116.89,3,0
75.71,70,0
20.54,5,1
33.58,14,0
20.58,25,1
101.69,35,0
98.22,19,1
113.11,25,1
56.87,23,0
117.45,30,1
102.37,25,1
98.74,70,0
82.28,23,0
116.74,7,1
69.99,9,0
109.37,33,0
60.1,52,0
64.75,3,0
113.58,40,1
88.33,50,0
21.82,66,0
36.55,36,1
69.58,54,0
62.65,24,1
119.21,59,0
108.9,47,0
54.58,45,0
90.58,25,1
110.87,34,1
87.63,5,1
83.91,6,1
34.96,63,0
80.11,47,0
47.28,38,0
65.79,39,0
42.23,64,0
45.49,10,1
85.37,44,0
67.2,71,0
36.1,67,0
47.21,43,0
91.3,51,0
81.34,22,1
33.21,57,0
27,31,0
116.63,11,1
56.83,27,1
87.75,3,1
104.6,42,0
44.17,14,1
23.52,49,0
79.52,13,0
103.62,15,1
56.22,67,1
53.22,30,0
84.47,19,0
115.86,43,0
79.62,71,0
71.03,27,1
35.53,34,0
104.59,31,0
41.44,16,1
86.99,36,1
81.78,12,1
25,7,0
114.94,24,1
78.26,65,0
106.1,22,1
71.85,64,0
46.61,70,0
79.74,45,0
99.56,25,1
88.93,13,1
68.06,70,0
66.59,44,1
81.84,12,1
64.93,2,1
80.27,51,0
20.46,39,0
119.5,31,0
60.65,54,0
31.8,53,0
106.95,10,0
74.02,7,0
108.16,5,1
23.75,9,0
108.14,52,0
92.23,43,0
96.98,67,0
106.36,17,1
70.07,9,0
112.59,13,0
40.81,26,0
22.71,41,0
51.58,69,0
86.01,11,0
51.47,67,0
114.45,70,0
97.9,43,1
53.94,31,0
68.16,18,1
61.6,50,1
97.63,40,1
68.54,29,0
21.53,11,0
84.25,7,1
43.48,18,0
94.7,35,1
49.56,58,0
110.62,24,1
105.33,51,0
66.2,64,0
27.13,31,1
77.78,71,0
77.96,47,0
119.36,2,1
53.53,2,1
86.68,50,1
113.86,70,0
77.49,10,1
89.17,38,0
28.98,41,0
106.65,5,1
70.11,57,0
42.33,40,0
61.24,65,0
108.63,17,0
69.56,15,0
87.28,3,1
48.25,47,0
101.71,58,0
44.61,47,0
56.96,27,0
43.55,40,0
113.58,68,0
61.51,17,0
33.74,8,0
111.44,20,1
54.76,9,1
105.29,47,0
34.26,63,0
55.94,51,0
44.55,42,0
24.59,58,0
98.45,41,0
39.92,11,0
59.19,63,0
52.36,56,0
80.21,43,1
74.13,33,1
119.08,46,1
45.38,53,0
93.53,64,0
117.76,70,0
75.8,17,0
59.27,47,0
102.47,49,0
31.24,72,0
73.58,26,1
64.38,46,0
47.4,53,0
35.74,40,0
107.18,66,1
76.2,39,0
75.07,11,1
79.24,43,0
92.78,28,1
83.89,41,0
81.45,53,1
25.24,53,0
76.52,51,0
78.73,70,0
82.86,6,0
82.19,50,0
28.23,36,0
27.76,37,1
88.71,30,1
103.03,52,1
34.59,2,1
98.35,64,0
68.65,71,0
118.93,24,0
69.91,46,1
76.23,22,0
57.83,19,0
71.86,45,0
27.43,9,1
73.85,42,0
116.11,36,1
72.78,11,1
63.72,44,0
23.23,24,0
23.77,62,0
24.73,56,1
36.1,51,0
66.91,38,0
100.59,60,0
48.06,14,0
95.48,1,0
72.18,19,0
48.89,54,0
21.74,57,0
86.83,33,0
26.7,5,0
103.64,40,0
33.53,69,0
85.59,30,0
103.79,34,1
45.76,30,1
33.6,17,1
96.35,44,0
41.2,28,0
46.8,49,0
73.18,15,1
67.41,53,0
57.34,53,0
97.53,56,1
75.82,70,0
35.52,5,1
118.94,29,1
44.44,32,0
33.04,58,0
41.27,33,0
58,22,1
55.96,66,0
50.27,55,0
24.44,5,0
113.48,17,1
76.87,59,0
42.08,9,0
107.8,1,1
66.73,3,1
74.23,11,0
98.44,11,1
84.79,49,0
34.49,30,0
52.16,29,0
115.11,40,0
38.82,15,1
95.04,15,1
65.92,18,0
34.14,54,0
40.52,34,0
87.53,39,1
33.8,29,0
61.55,71,0
65.12,55,0
82.29,67,0
45.12,19,1
66.42,69,1
36.55,4,1
105.78,41,1
35.66,5,0
28.83,4,1
109.34,49,0
50.06,6,1
95.21,57,0
60.16,61,0
64.86,36,0
35.97,49,0
34.45,33,0
34.92,54,0
71.44,17,0
69.28,23,0
81.63,63,0
64.74,2,1
25.57,72,0
20.54,65,0
42.18,61,0
105.1,4,1
46.73,60,0
79.86,30,1
80.86,39,0
119.22,33,1
39.12,24,0
95.34,45,1
44.24,63,0
52.75,56,0
20.35,69,0
119.74,57,1
63.81,70,0
119.77,60,1
39.67,7,1
31.15,13,0
45.07,13,1
88.05,9,1
77.73,51,0
61.63,3,1
92.92,31,1
77.42,57,0
77.76,20,0
79,1,0
42.29,32,0
30.35,47,0
93.65,72,1
81.24,24,1
115.12,39,0
115.99,49,1
94.48,62,0
63.48,53,1
37.48,48,0
63.53,66,0
96.25,18,1
111.9,28,1
110.67,63,0
101.55,60,0
39.98,30,1
24.96,36,0
67.89,62,0
79.04,46,0
29.66,2,0
115.09,68,0
36.27,52,0
112.15,32,1
32.78,31,0
86.27,54,0
98.4,9,1
96.46,33,0
87.26,40,0
31.57,43,0
105.13,42,0
81.8,54,1
103.64,50,1
36.99,5,0
21.03,35,0
52.35,24,1
46.97,28,1
102.53,61,0
113.37,60,0
32.78,33,0
111.33,16,1
80.52,52,0
60.03,12,0
86.58,60,0
96.76,62,0
72.19,7,1
59.45,63,0
116.58,11,1
24.9,67,0
35.33,28,1
89.68,51,0
92.78,5,1
30.84,32,0
66.46,17,0
84.21,10,1
59.71,14,1
119.04,68,0
87.87,44,0
51.53,47,0
35.38,18,0
50.13,37,0
29.45,21,0
22.69,33,0
51.05,25,0
94.24,54,1
116.01,7,1
61.58,20,0
72.22,28,0
26.75,36,0
82.98,55,1
55.34,59,0
62.47,42,0
116.38,6,1
88.1,23,1
91.85,29,1
37.06,62,0
40.36,68,0
107.65,62,0
103.75,49,0
92.06,2,1
48.11,41,0
41,43,0
69.42,29,1
72.18,43,1
41.98,15,1
96.31,30,0
22.45,1,1
91.15,25,1
104.09,66,0
113.08,11,1
86.21,33,1
46.99,65,0
41.82,61,0
106.78,41,0
22.46,70,0
105,17,1
72.39,22,0
63.55,50,0
113.13,31,0
36.46,15,0
57.88,52,0
33.8,62,0
34.97,23,1
87.64,47,0
76.21,44,0
67.16,44,0
101.11,16,1
116.24,52,0
71.54,4,1
90.37,43,1
38.09,48,0
55.5,6,1
24.99,33,0
35.26,39,0
29.93,11,1
48.01,17,0
58.75,18,0
83.42,20,1
90.71,1,1
52.6,16,1
116.52,44,1
89.65,32,1
36.11,19,0
56.91,24,0
50.22,5,0
65.8,29,0
102.33,37,0
43.25,15,0
60.23,9,1
117.16,21,0
32.44,6,1
83.03,1,0
90.39,26,0
79.12,19,0
119.65,15,1
24.53,43,0
119.01,14,1
94.53,47,1
63.67,51,0
35.3,43,0
64.89,39,0
38.63,41,0
62.65,31,0
102.08,35,0
25.04,54,0
52.54,36,0
104.24,14,1
24.02,31,0
99.19,63,0
116.16,11,0
86.09,44,0
20.87,12,0
66.58,12,1
91.66,45,0
22.82,8,0
104.55,28,0
94.64,68,0
46.4,70,1
94.59,16,0
87.16,45,1
37.21,67,0
86.97,17,0
113.04,65,0
105.1,47,1
98.11,39,0
88.58,21,1
79.14,38,1
60.33,17,0
32.83,43,1
102.02,58,1
91.67,50,0
98.83,54,1
21.83,69,0
37.45,6,1
79.86,61,0
28.06,11,1
90.73,44,0
76.37,42,1
48.28,14,0
59.21,3,0
87.27,17,0
36.22,37,0
30.85,11,0
73.34,47,1
30.32,62,0
29.34,65,0
83.99,12,0
76.4,15,1
50.55,7,0
46.6,28,0
83.25,8,1
103.08,42,0
25.14,11,0
119.23,50,0
22.21,68,0
37.98,25,0
52.87,72,0
105.49,71,0
38.44,33,0
99.54,35,0
105.89,8,0
67.2,67,0
84.82,31,0
52.5,55,0
66.61,52,0
114.24,52,0
44.55,4,1
22.25,64,1
116.71,33,0
46,37,0
85.41,14,0
27.54,65,0
116.92,35,1
111.85,21,0
106.82,50,0
62.44,21,0
98.1,60,0
49.99,18,1
48.95,37,1
119.93,8,1
118.7,29,0
68,66,0
96.23,37,1
52.86,14,0
43.62,4,0
81.79,8,1
54.04,29,1
25.84,48,0
118.19,39,1
88.8,60,0
106.22,12,0
66.17,16,0
32.6,6,0
88.03,5,1
21.99,24,0
36.3,19,1
109.58,71,0
35.32,28,0
45.86,7,0
44.4,61,0
51.19,53,0
42.12,49,0
23.05,50,0
110.3,55,0
115.94,33,1
114.28,20,1
65.33,1,1
63.77,58,0
25.02,72,0
55.98,16,1
109.66,19,1
57.11,62,1
70.33,32,0
72.76,26,1
37.03,5,1
73.86,51,0
31.05,34,0
81.41,34,0
74.5,18,0
42.76,27,0
110.15,31,1
39.85,43,1
62.18,37,0
108.44,3,1
43.82,53,0
49.16,71,0
107.64,22,1
81.91,25,1
105.73,40,1
67.73,51,0
109.42,57,0
36.91,17,0
82.11,51,0
92.28,7,1
39.02,51,0
76.87,46,1
87.15,68,1
111.92,59,0
52.56,65,0
74.68,38,0
20.5,52,0
57.01,34,0
83.76,41,0
80.96,25,1
101.83,26,1
31.79,27,0
86.34,49,0
40.16,9,0
78.69,53,0
89.51,62,0
72.83,53,0
56.95,30,0
89.85,32,1
67.37,61,0
43.08,37,0
65.41,15,0
27.92,72,0
45.77,55,0
75.41,32,0
22.18,59,0
41.11,4,1
83.64,5,0
91.7,52,0
97.69,51,0
27.32,18,0
29.87,39,0
114.64,15,1
113.09,1,1
112.15,70,0
84.99,19,1
35.64,12,0
111.01,26,1
112.21,22,0
36.92,20,0
27.34,52,0
76.62,21,0
56.54,15,1
66.02,51,0
66.47,24,0
97.89,31,0
102.37,68,0
48.24,57,0
93,16,1
69.6,13,1
26.63,49,0
23.76,44,0
43.76,16,0
41.84,61,0
62.24,52,0
74.98,42,0
91.37,18,0
44,30,1
109.57,71,1
68.26,62,0
46.28,59,0
51.99,59,0
86.43,55,0
92.81,32,0
77.14,48,1
107.87,29,1
60.92,42,0
40.54,2,0
67.08,29,0
57.94,46,1
44.76,33,0
112.5,45,0
66.62,3,0
21.39,16,0
114.32,64,1
57.45,52,0
20.8,72,0
118.05,19,0
57.75,55,0
118.59,71,0
33.96,33,0
76.22,44,1
99.44,23,1
39.39,27,0
91.07,48,1
76.57,19,1
21.01,40,0
45.7,66,0
67.1,11,1
112.69,9,1
119.53,33,1
41,63,0
74.52,37,0
84.54,10,1
110.11,53,1
93.23,31,1
80.97,70,0
42.44,26,1
111.62,36,0
100.28,24,1
51.24,46,1
42.73,69,0
85.76,6,1
93.57,11,1
66.51,24,1
106.36,50,1
87.5,26,1
36.15,7,0
21.21,1,1
106.61,48,1
30.07,48,0
51.22,58,1
63.45,12,0
81.58,68,1
53.92,7,0
78,56,0
102.97,22,1
53.46,19,0
58.2,39,0
80.57,18,1
69.57,3,1
30.93,17,0
104.59,14,1
64.59,19,0
95.04,45,1
99.55,56,0
59.07,9,0
21.48,23,0
94.34,17,0
26.84,17,0
73.2,61,1
32.26,68,0
87.58,23,1
25.6,2,1
99.8,33,0
86.26,16,1
44.42,54,0
36.04,56,0
25.8,39,0
21.52,21,1
103.34,18,1
46.19,30,1
25.54,21,0
54.8,17,0
78.02,64,0
100.42,52,0
54.03,60,0
33.49,7,1
97.36,56,1
107.72,21,1
118.8,72,0
85.48,49,0
45.4,37,0
84.15,8,1
65.06,7,0
39.7,51,1
80.62,43,1
117.46,48,1
39.92,24,0
63.48,34,0
53.95,4,0
23.4,7,0
29.92,40,0
61.92,3,1
24.73,28,0
22.65,71,0
37.35,37,1
57.81,51,0
78.83,4,0
53.64,69,0
69.45,64,0
95.23,64,0
36.91,43,0
104.36,14,0
52.03,6,0
43.39,12,0
51,59,0
98.99,20,1
45.45,44,0
112.28,30,1
34.84,4,0
41.65,41,0
82.61,65,1
45.71,10,1
90.72,68,0
94.24,24,1
46.24,7,0
77.26,50,0
111.56,66,1
90.84,23,0
104.44,10,1
111.99,45,1
49.46,54,0
85.07,40,0
34.18,65,0
105.35,15,1
86.6,50,1
93.33,31,0
51.47,57,0
86.77,29,1
66.39,56,0
85.03,39,1
98.58,53,1
110.17,23,1
72.74,20,1
35.81,3,0
46.96,62,0
33.45,2,1
43.76,25,0
92.31,42,0
82.71,51,0
65.24,60,0
83.43,24,1
72.95,62,0
53.01,46,0
97.07,54,0
83.5,8,1
97.44,62,0
37.88,1,0
59.64,36,1
116.27,36,0
57.73,26,0
27.76,55,0
72.93,3,0
114.97,66,0
105.61,5,1
74.94,19,0
86.5,36,1
70.04,3,1
112.41,50,0
29.19,21,1
69.7,48,0
98.22,8,1
106.98,53,0
110.16,21,1
101.14,39,0
35.37,47,0
92.98,43,1
95.95,61,1
86.08,69,1
110.8,72,0
58.98,36,0
115.7,67,1
65.66,70,0
39.5,36,0
79.07,60,0
35.54,26,0
71.95,40,0
61.28,19,0
102.72,18,1
76.31,26,0
65.65,43,1
39.23,60,0
67.19,42,0
43.25,15,0
51.41,17,1
106.69,44,1
64.5,8,0
63.39,34,0
67.26,19,1
103.34,22,0
21.03,41,0
50.91,28,1
28.62,34,0
102.3,30,1
67.11,67,0
73.23,65,0
59.54,39,0
65.44,41,0
31.49,49,0
23.11,11,0
22.32,35,0
27.75,45,0
56.15,42,0
96.14,13,0
94.33,6,1
29.77,15,0
116.19,36,1
34.32,23,0
68.47,63,0
76.49,65,0
113.23,37,1
102,45,0
73.31,65,0
58.45,13,0
74.6,17,1
99.67,3,1
82.73,64,0
30.4,18,1
39.2,17,1
104.21,51,0
67.94,4,1
97.73,10,0
101.82,16,0
49.69,71,0
42.67,70,0
82.04,58,0
57.39,4,1
108.6,45,0
32.55,63,0
35.8,2,1
83.85,58,0
38.61,40,0
86.45,55,0
71.2,71,0
94.16,53,0
53.65,60,0
31.13,33,0
60.23,33,0
74.27,32,1
94.03,25,1
37.26,65,0
78.65,22,0
69.98,14,1
113.64,24,1
111.03,51,1
35.29,71,0
50.73,60,0
89.83,57,1
96.32,55,0
70.99,6,0
42.67,29,0
36.59,25,0
51.61,59,0
24.49,40,0
86.96,72,0
94.63,46,1
44.85,44,0
66.7,46,0
24.43,16,0
29.83,27,0
109.71,28,1
81.51,62,0
84.07,28,1
66.1,15,0
47.97,45,0
114.5,1,1
22.31,34,0
37.73,42,0
117.14,38,1
99.97,59,0
119.97,33,1
46.07,43,1
78.22,27,0
27.23,35,0
100.23,21,0
108.06,37,1
108.96,37,0
21.13,53,0
44.14,66,0
80.73,13,0
56.27,18,0
90.92,22,1
24.21,23,0
85.72,41,1
43.07,1,1
47.3,68,0
93.32,23,0
37.83,56,0
58.56,62,0
88.44,43,0
61.52,41,0
74.22,66,0
65.52,37,0
32.71,27,0
23.12,12,0
36.57,66,1
99.89,47,0
34.24,16,0
27.44,13,1
22.86,18,0
61.74,70,0
105.4,21,0
53.05,20,1
64.44,14,1
61.35,57,0
55.18,68,1
112.79,17,1
113.01,21,1
48.03,15,0
92.93,36,1
41.68,47,0
114.02,16,0
26.43,35,0
118.87,9,0
41.02,69,0
51.85,4,0
32.18,71,0
78.42,57,0
85.83,36,0
119.62,41,0
39.41,14,0
101.65,48,0
81.95,16,1
118.56,52,1
64.18,8,1
92.42,20,1
27.58,64,0
83.03,30,1
41.46,40,1
111.91,6,0
101.2,18,0
105.61,1,1
101.68,47,1
61.71,5,0
117.75,48,0
69.94,47,0
69.86,71,1
54.35,16,0
26.73,55,0
110.74,47,1
42.11,27,0
49.77,16,0
85.85,55,0
76.66,45,0
117.13,67,1
30.49,33,0
74.38,6,1
111.54,18,1
107.29,62,0
110.45,62,1
97.88,30,0
36.72,55,0
32.14,21,0
31.83,50,1
63.21,4,1
97.74,4,0
110.41,26,1
62.65,36,1
100.95,6,1
66.84,72,0
87.86,36,0
95.87,31,1
88.34,49,0
104.76,55,0
51.16,44,0
38.28,16,1
29.35,57,0
21.48,21,0
110.24,8,1
99.61,17,1
27.78,2,1
30.17,9,0
37.39,10,1
72.87,2,0
93.53,67,0
31.82,29,0
30.34,63,0
75.23,70,0
49.05,35,0
64.04,22,1
31.84,16,1
112.16,56,1
93.26,36,1
66.15,57,0
87.23,23,0
48.85,54,0
86.34,3,1
57.51,41,0
87.09,10,0
61.27,57,0
91.13,1,0
48.11,58,0
93.87,53,0
77.49,69,0
22.45,42,0
56.27,18,0
64.08,69,0
60.34,72,1
74.48,38,1
106.32,37,0
96.57,57,0
26.54,11,1
31.75,50,0
50.98,50,0
50.87,17,0
93.23,41,0
34.15,13,0
117.76,8,0
105.48,68,0
78.39,19,0
109.96,62,0
20.93,57,0
98.46,64,0
110.78,69,0
31.08,15,0
66.58,57,1
87.43,65,1
66.55,30,1
107.5,8,1
60.11,45,0
76.67,6,0
85.37,37,0
48.57,10,0
109.19,67,0
33.87,41,1
75.72,31,0
45.29,64,0
27.36,61,0
96.26,22,1
80.64,51,0
53.3,3,0
110.97,41,0
79,27,0
114.64,57,1
110.23,40,0
58.7,68,0
91.85,24,0
102.73,22,1
111.38,57,1
33.06,2,0
24.44,44,0
118.82,31,1
58.95,50,0
91.11,24,0
72.59,1,1
58.69,22,1
91.86,52,0
108.02,45,1
32.12,64,0
56.71,17,1
98.99,28,0
41.56,41,1
82.07,56,1
57.77,22,1
80.4,3,1
76.45,55,1
89.44,52,0
101.41,15,1
65.37,33,0
57,25,0
102.27,35,0
71.26,51,1
94.16,19,1
104.93,54,0
64.03,40,0
60.59,26,1
105.09,34,1
92.7,17,0
81.51,60,0
90,13,1
94.82,3,1
46.18,20,1
47.62,36,0
39.95,46,0
114.3,50,0
47.11,67,0
69.84,12,1
23.67,19,1
100.17,25,0
60.52,30,0
66.01,16,1
113.12,40,0
58.99,60,0
94.58,25,1
98.36,49,1
40.75,53,0
25.65,64,0
53.15,25,0
88.38,29,0
96.78,61,1
85.3,31,0
113.38,52,1
20.35,55,0
57.84,16,1
84.37,50,0
29.91,67,0
21.51,46,0
34.86,19,0
94.53,14,1
105.27,68,1
52.49,42,1
46.67,12,0
44.35,8,1
115.63,35,1
69.73,22,1
89.45,2,1
111.51,63,1
80.89,7,1
46.26,38,0
111.89,20,1
91.16,2,1
24.38,45,1
83.35,8,1
105.27,54,0
31.91,72,0
115.2,26,1
24.08,65,0
37.06,59,0
22.32,16,0
58.99,11,1
90.93,47,1
85.58,30,1
68.61,47,0
28.07,30,0
116.79,59,0
76.03,67,0
91.69,22,1
48.34,13,0
100.23,63,0
82.92,24,1
110.9,30,0
59.61,11,1
50.83,28,0
93.17,51,0
89.5,47,1
63.53,47,0
100.75,68,0
50.56,55,0
111.46,31,0
82.98,39,0
97.72,56,0
91.71,20,0
86.32,14,0
90.31,67,0
39.26,44,0
79.81,43,0
96.72,42,0
43.64,11,0
89.16,2,1
29.22,43,0
93.7,46,0
114.47,44,1
86.41,21,1
86.74,7,1
62,22,1
33.8,58,0
66.94,46,0
29.38,58,0
95.41,1,1
56.63,69,0
76.81,70,0
58.3,26,1
40.32,60,0
73.53,4,0
58.58,22,0
106.23,31,0
29.36,43,0
26.34,60,0
36.68,51,0
113.57,31,1
64.25,54,0
87.44,49,0
23.61,7,0
66.84,22,0
24.57,63,0
82,40,1
106.49,13,1
39.59,16,0
48.21,21,0
106.52,36,0
23.2,34,1
98.24,2,1
65.51,54,0
28.01,68,0
110.68,46,1
38.9,47,0
94.61,36,1
63.16,37,0
87.05,6,1
38.75,32,0
108.17,22,1
24.89,34,0
42.02,51,0
46.18,31,0
96.72,51,0
58.6,33,0
47.86,65,0
27.76,29,1
70.03,44,1
65.15,57,0
118.66,34,0
34.21,63,0
103.38,62,0
22.95,10,0
97.88,27,1
42.87,63,0
33.39,19,1
39.06,45,0
41.59,40,0
113.42,44,1
118.88,58,0
51,28,1
33.71,53,0
86.1,14,1
78.49,64,1
54.41,62,0
101.4,11,1
48.32,28,0
104.58,39,0
33.7,34,0
106.19,48,1
26.71,72,0
63.52,67,0
88.01,28,1
40.58,11,1
114.25,54,0
57.93,70,0
82.62,28,0
38.35,64,0
85.92,65,0
93.47,10,0
69.57,32,1
106.87,2,1
103.18,24,1
118.33,36,0
86.69,9,0
84.29,56,1
24.51,71,0
39.08,7,0
23.26,61,0
104.72,10,1
62.45,36,0
101.72,70,0
35.17,35,0
60.58,47,0
92.25,71,0
25.96,56,0
53.03,1,0
97.68,32,1
104.05,27,1
107.06,49,1
115.3,68,0
58.4,7,0
115.06,12,1
90.41,9,1
62.2,7,1
59.13,33,0
41.06,17,0
95.25,19,1
64.51,27,0
65.33,21,0
28.33,35,0
56.52,69,0
109.5,1,1
74.44,13,0
23.08,11,0
58.84,52,0
31.34,67,0
47.73,38,0
91.95,71,0
57.6,55,1
83.45,56,0
69.67,50,0
100.75,14,0
78.22,68,0
37.2,21,1
113.73,33,0
25.38,10,0
28.72,16,0
104.16,28,0
62.09,30,1
91.75,7,1
93.62,29,1
118.75,42,0
116.1,68,0
34.18,69,0
86.5,62,0
23.32,21,0
69.45,20,0
99.14,59,0
57.92,24,0
114.83,42,0
86.07,11,1
63.28,66,0
103.87,5,1
100.47,46,1
62.71,62,0
52.94,7,1
76.5,59,0
106.12,48,1
78.59,20,1
84.51,48,0
96.71,40,0
89.29,57,1
106.68,4,0
29.47,20,0
80.99,22,0
44.09,39,1
66.96,6,1
48.39,44,0
111.84,14,1
59.97,58,0
76.53,10,0
28.09,36,0
114.27,10,1
93.58,41,0
67.53,16,1
38.18,51,0
93.04,39,0
81.46,4,0
26.1,4,1
25.33,8,0
65.53,45,0
38.1,23,0
69.13,41,0
118.19,2,1
42.41,7,1
91.25,67,0
35.01,10,0
72.57,57,0
102.85,42,1
32.69,62,0
101.97,6,1
44.6,19,0
29.7,71,0
36.37,15,0
86.44,41,1
87.74,19,1
33.3,33,1
117.95,11,1
34.66,54,0
114.18,65,0
90.04,72,1
76.8,35,0
44.63,52,0
54.09,40,0
103.98,22,1
112.15,57,0
71.54,40,0
108.81,59,0
90.41,61,0
62.38,22,1
50.03,39,1
116.34,32,0
32.48,56,0
88.03,2,1
101.98,68,0
41.63,30,0
79.41,61,0
36.17,30,0
60.55,18,1
43.89,15,0
72.76,64,0
87.1,32,1
110.76,57,1
53.28,27,1
44.25,20,0
51,49,0
42.68,6,0
32.3,69,0
46.78,65,0
112.37,10,1
25.65,6,0
70.15,37,0
99.38,39,1
103.79,44,1
77.63,18,0
44.19,28,0
78.21,2,0
33.75,34,0
68.27,65,0
29.37,22,0
50.5,36,0
87.67,10,0
40.51,5,0
59.49,52,0
100.29,45,1
42.83,31,0
27.69,62,0
97.82,26,1
87.01,13,1
71.11,26,1
41.4,54,0
38.77,6,0
81.11,13,1
23.87,33,0
42.94,48,1
102.39,7,0
50.04,1,1
21.61,32,0
116.16,24,0
28.77,13,0
94.8,69,1
103.6,31,1
21.6,39,0
105.29,70,0
75.03,67,0
53.97,34,1
52.57,51,0
83.92,17,0
32.78,57,1
51.11,9,1
78.31,64,0
95.92,53,0
75.17,44,0
88.78,21,1
57.13,18,0
110.67,57,0
117.57,10,1
96.61,20,0
21.23,25,0
72.26,20,1
99.9,39,1
40.75,15,0
58.63,22,0
74.24,9,0
94.43,64,1
53.33,10,1
52.49,33,0
62.37,71,0
47.63,38,1
82.61,11,1
24.36,65,0
80.65,52,0
61.7,64,0
24.36,33,0
119.34,26,1
82.66,35,0
103.88,38,0
59.71,65,0
115.31,6,1
57.84,18,0
101.99,32,0
20.72,14,0
107.37,13,1
27.39,41,0
101.67,53,0
78.6,55,0
88.27,24,1
91.42,72,0
48.01,54,0
87.35,51,0
49.7,9,0
77.1,44,0
25.47,57,0
54.76,59,0
69.77,19,0
73.17,50,0
101.58,72,0
71.03,40,1
104.89,22,1
79.42,72,0
73.79,27,1
82.7,42,1
49.2,29,1
76.72,5,1
119.95,20,1
112.05,70,0
96.93,37,1
104.37,52,1
112.23,66,0
80.08,7,0
56.78,15,0
94.7,15,1
68.49,67,0
20.48,47,0
87.31,66,0
60.36,2,0
115.32,39,1
33.44,35,1
57.77,47,0
109.99,55,1
100.33,24,0
70.64,49,1
21.81,34,0
45.03,17,1
50.6,29,0
86.17,54,0
29.82,31,0
116.53,35,1
106.72,45,0
48.49,56,0
63.47,53,0
54.09,42,0
54.81,14,0
50.42,1,0
111.45,1,0
48.36,25,1
106.78,43,1
101.67,46,0
38.46,26,0
42.72,70,0
86.56,64,0
66.81,27,0
30.96,69,0
34.56,19,0
51.72,7,0
80.72,42,0
114.7,36,1
62.26,27,0
112.65,61,0
29.96,70,0
106.63,40,1
46.05,4,1
48.4,46,0
36.59,15,0
23,30,0
29.81,67,0
31.99,16,0
39.42,51,0
102.96,49,0
21.53,40,0
58.57,68,0
111.44,19,1
21.53,68,0
50.97,56,0
62.85,15,0
76.21,67,0
112.08,68,1
71.69,21,1
94,46,0
81.78,9,1
40.57,18,0
70.87,59,0
26.11,19,0
97.45,15,0
40.42,63,0
105.71,49,1
71.38,67,0
45.16,43,1
101.27,29,0
26.7,64,0
22.62,13,0
79.63,60,0
104.69,35,1
65.24,49,1
70.22,46,0
40.97,33,0
91.56,69,0
73.64,8,1
24.91,8,0
102.27,71,0
45.25,54,0
72.14,8,0
52.7,18,1
31.04,47,0
105.17,48,1
82.46,66,0
104.81,23,1
32.6,27,0
86.83,5,1
80.79,32,0
114.57,12,1
78.06,9,1
50.31,61,0
113.48,47,0
104.44,10,1
62.46,15,0
68.57,69,0
96.85,23,0
45.23,21,0
101.2,61,1
102.21,42,1
61.73,16,0
111.64,67,0
27.09,60,0
101.01,30,0
68.59,7,1
50.52,54,0
81.79,41,1
51.93,59,0
85.23,33,1
111.58,51,1
76.91,55,0
83.79,52,0
61.61,7,1
99.66,17,1
106.23,25,1
56.74,17,1
68.79,23,0
109.64,29,1
66.38,55,0
40.93,43,0
87.63,68,1
93.41,48,0
85.27,63,1
40.69,72,0
116.08,63,1
20.69,33,0
110.22,26,1
28.96,62,0
103.71,2,0
75.42,11,0
80.34,54,0
101.14,8,1
46.3,69,1
23.99,16,0
33.83,37,0
30.54,10,1
37.54,71,0
116.12,42,0
39.4,67,1
53.22,12,1
89.23,55,0
89.35,16,0
48.61,67,0
49.91,58,0
63,54,1
58.26,43,0
110.68,45,0
73.48,20,0
80.74,5,0
70.44,2,1
70.44,41,0
62.37,33,0
41.75,66,0
51.93,41,0
44.16,57,0
20.12,34,0
42.38,34,0
116.92,25,0
63.24,29,0
116.33,47,0
45.58,63,0
33.54,5,0
76.26,72,0
63.32,52,0
106.29,2,1
111.55,51,1
81.83,19,1
104.09,70,0
48.83,11,1
109.91,68,0
34.11,44,0
34.19,1,0
77.96,3,1
119.5,58,1
73.35,25,0
32.85,65,0
37.71,10,0
97.46,56,1
85.05,51,0
75.62,54,0
94.55,69,0
54.32,27,0
59.12,10,1
55.22,11,1
82.28,13,1
36.07,61,0
44.64,18,0
114.77,51,0
118.83,57,0
73.57,24,0
24.53,63,0
80.23,5,0
92.17,1,1
78.3,40,0
72.65,37,1
55.38,5,1
28.01,23,0
32.84,43,0
56.59,18,0
80.01,20,1
43.78,34,1
21.81,39,0
50.99,50,0
27.8,67,0
45.09,29,0
34.09,15,1
57.01,31,1
34.04,42,0
76.8,3,1
74.27,47,0
36.37,17,0
114.5,59,0
82.59,29,0
26.48,57,0
38.09,66,0
86.77,11,0
110.67,36,1
101.58,7,1
64.25,58,0
36.12,47,0
36.58,57,0
67.89,69,0
59.59,64,0
99.49,18,1
96.98,69,1
59.92,52,0
83.02,19,1
61.27,29,0
56.54,63,0
82.09,63,0
115.6,33,0
67.61,26,0
82.05,50,0
48.92,29,1
60.76,14,0
64.49,61,0
48.35,31,0
117.01,57,1
108.26,50,1
100.89,37,1
90.82,61,0
38.02,33,1
26.4,9,1
30.66,58,0
104.82,52,0
55.94,71,0
98.5,39,1
110.8,65,1
83.34,38,1
81.51,10,1
26.75,60,0
44.15,20,1
61.08,51,0
101.12,65,0
57.91,41,0
64.7,27,0
77.05,61,0
33.12,28,0
21.3,50,0
87.77,22,0
103.52,54,1
113.63,6,1
25.85,23,0
86.8,6,1
58.59,29,1
77.61,51,0
33.88,48,0
45.58,62,0
51.31,24,0
91.51,71,0
38.87,43,1
34.22,56,0
77.41,57,0
24.92,22,1
63.5,28,1
68.27,3,1
66.48,2,0
68.62,23,1
93.76,50,0
119.1,58,0
104.04,8,1
31.19,16,0
106.14,69,0
76.79,26,0
88.33,17,1
98.96,22,0
60.25,5,1
105.33,23,0
38.96,54,0
69.57,26,1
32,44,0
42.87,33,0
110.55,39,1
67.38,28,0
74.05,39,0
117.38,25,0
117.24,16,1
88.54,13,1
98,54,0
22.05,61,0
92.85,13,1
112.27,42,1
64.05,62,0
90.56,25,0
101.67,35,1
68.66,14,0
104.3,63,0
69.29,29,0
21.77,18,0
64.05,63,1
67.79,17,0
80.12,69,0
64.32,72,0
50.72,64,0
87.3,45,0
80.91,3,1
117.37,33,1
37.58,41,0
117.32,20,1
77.93,10,1
93.81,28,1
106.58,12,1
84.75,20,1
89.47,67,0
119.59,61,1
104.94,23,0
96.58,10,1
33.77,66,0
29.52,44,0
72.18,56,1
39.25,17,0
93.15,62,0
69.46,68,0
34.28,62,0
104.12,53,1
114.13,14,1
47.8,13,1
35.04,69,0
90.67,18,1
76.53,35,0
29.05,44,0
76.03,43,0
81.53,66,0
74.84,69,0
59.35,7,1
61.67,26,1
110.49,13,1
87.36,64,0
115.48,29,1
35.12,14,1
75.97,22,1
29.86,8,0
82.34,46,0
45.64,1,0
67.93,3,1
67.71,15,1
103.05,29,1
109.56,72,0
77.69,58,0
114.38,72,0
49.18,11,0
82.53,29,1
82.02,1,1
84.86,69,1
43.49,61,0
60.38,42,0
37.09,58,0
71.92,37,0
78.44,65,0
28.01,29,0
92.89,22,1
81.41,26,1
87.09,46,0
49.61,68,1
56.06,44,1
83.11,10,1
116.01,56,0
56.47,23,1
39.8,35,0
45.41,23,1
68.53,46,1
61.33,68,0
52.82,32,0
55.68,37,0
88.39,35,1
106.31,29,0
66.9,17,1
78.29,54,1
69.86,45,1
86.73,26,0
88.79,46,1
30.73,44,0
31.22,31,1
113.28,51,0
62.19,19,0
76.33,22,1
115.62,53,0
39.59,51,1
42.37,58,0
82.14,13,0
103.46,67,0
100.8,18,0
35.11,62,0
28.32,58,0
97.89,10,0
115.45,48,0
81.84,16,0
63.72,1,0
86.44,33,0
106.89,36,1
70.26,58,1
72.88,36,0
97.07,32,0
56.98,30,1
114.05,38,1
23.33,41,0
53.83,11,0
33.56,15,0
53.71,24,0
68.35,11,1
95.72,27,1
99.61,33,0
61.65,27,0
22.99,14,0
113.84,58,0
111.55,8,1
81.21,39,0
111.91,40,1
82.63,27,0
32.65,51,0
34.26,11,0
88.16,54,0
112.3,45,0
35.07,55,0
108.48,25,1
65.02,2,1
24.67,58,0
102.35,3,1
116.63,24,1
100.74,62,0
49.63,4,1
39.79,15,0
40.17,36,0
54.95,65,0
42.41,21,1
36.45,24,0
29.27,33,0
83.29,17,0
98.48,41,1
25.95,65,0
28.43,11,0
20.43,46,0
34.22,20,0
112.92,68,0
36.19,42,0
118.85,62,1
90.42,64,1
52.45,51,0
52.81,51,0
97.67,45,0
69.86,13,1
69.7,9,1
46.64,67,0
112.98,59,0
87.75,60,0
91.03,31,1
48.18,18,0
78.07,15,1
115.43,21,1
23.6,48,0
71.02,70,0
106.06,46,1
47.75,37,1
56.28,50,1
111.65,57,0
28.02,25,0
71.27,71,1
62,40,0
35.8,45,0
64.96,15,0
36.96,20,1
105.52,60,0
88.81,66,0
32.15,44,0
31.91,35,0
48.85,9,1
114.02,64,1
113.16,69,0
38.29,42,0
111.29,61,1
26.65,60,0
107.76,56,1
25.88,24,0
115.17,59,0
36.01,3,0
78.08,36,0
91.14,40,1
48.03,18,0
22.66,47,0
91.06,6,1
51.27,50,0
105.51,1,1
67.18,35,0
119.21,31,1
27.79,61,0
22.47,38,1
77.52,40,0
80.77,71,0
20.44,8,0
94.37,56,1
24.68,47,1
67.82,29,0
113.86,64,1
25.96,41,0
115.36,40,1
97.08,22,1
105.15,10,0
41.8,46,0
119.45,39,1
89.35,30,1
48.71,22,0
101.79,46,1
115.94,27,0
110.04,29,0
32.68,27,0
25.96,22,0
101.84,13,0
106.03,1,1
24.52,46,0
42.45,9,0
90.48,24,1
29.87,67,0
21.59,38,0
110.56,22,1
24.9,57,0
107.42,56,1
32.06,51,0
60.42,59,0
42.99,6,0
97.62,12,1
77.63,3,1
39.48,21,1
62.48,57,0
64,68,0
110.88,27,1
66.27,61,0
113.16,48,1
58.95,57,0
100.53,50,0
96.86,32,1
54.09,6,0
113.79,53,1
70.38,2,1
52.43,68,0
64.26,43,0
68.7,56,0
104.16,1,1
114.92,52,1
67.04,58,0
57.11,1,1
42.59,13,0
20.46,35,0
90.94,31,1
89.64,63,1
21.47,8,1
38.77,64,0
73.69,13,1
35.9,51,0
44.6,64,0
112.23,56,0
56.31,9,1
119.28,24,0
92.57,33,0
34.92,21,0
79.19,62,0
104.87,53,0
93.4,37,1
66.25,70,0
71.11,58,0
75.64,67,0
40.08,19,0
108.92,26,1
35.44,38,0
78.46,57,0
68.09,43,1
39.73,38,0
117.84,12,0
51.9,59,0
24.48,24,0
95.37,55,1
76.69,40,0
20.97,40,0
50.08,72,0
106.33,60,1
43.21,56,0
25.85,53,0
91.1,38,0
70.87,39,0
60.49,62,0
62.45,34,0
111.4,5,1
110.2,24,0
41.81,55,0
77.49,62,0
24.07,6,0
74.06,40,0
31.28,9,0
95.75,31,1
31.11,69,0
40.41,31,0
96.77,48,0
62.23,5,0
74.7,17,0
108.05,7,1
92.76,13,0
95.28,32,0
80.07,27,1
30.11,11,0
102.62,4,1
93.82,25,1
108.3,57,0
28.42,20,0
102.95,27,1
47.48,17,0
53.42,33,0
108.7,54,1
39.13,58,0
21.22,27,0
90.53,14,1
23.76,49,0
102.25,29,0
110.34,6,1
36.65,54,0
40.76,14,0
99.59,35,0
109.32,72,0
44.37,47,0
63.32,32,0
59.82,7,1
86.56,51,1
50.52,33,0
99.2,46,1
54.12,26,1
45.75,50,0
20.4,70,0
58.03,6,1
79.94,53,0
53.9,70,0
37.58,70,0
119.76,22,1
46.54,11,1
75.02,33,0
33.52,17,0
88.18,15,1
65.04,44,0
56.66,72,0
58.61,16,0
60.45,14,0
102.76,54,0
111.6,72,1
96.12,26,1
56.73,48,0
89.14,37,1
70.8,10,1
21.94,64,0
84.69,63,0
82.3,1,1
53.3,24,0
22.63,60,0
117.49,47,1
119.13,16,1
27.66,44,0
73.79,41,0
117.79,33,0
30.97,57,0
56.26,37,0
69.98,40,0
111.26,22,0
77.21,16,0
22.28,59,0
105.52,17,1
103.05,55,0
107.82,7,0
100.96,67,0
20.01,7,0
30.18,70,0
103.48,39,0
42.11,23,1
23.04,70,0
77.67,69,0
95.69,26,1
107.37,19,1
26.04,54,0
42.18,27,0
61.4,21,0
61.13,72,0
77.94,34,1
114.19,57,0
118.76,1,1
32.98,9,0
47.49,61,0
102.84,25,1
119.13,5,1
87.32,27,0
27.74,24,0
33.44,29,0
53.81,28,1
45.21,17,0
45.08,44,0
98.33,47,1
37.38,48,0
79.83,41,1
89.16,10,1
112.29,54,1
89,1,1
47.37,72,0
21.09,61,0
24.32,65,0
36.79,63,1
105.26,20,1
24.59,16,0
47.14,38,0
108.89,63,1
74.79,20,1
100.48,61,0
115.72,42,0
88.97,18,1
60.11,16,0
117.1,11,1
113.94,8,0
71.83,53,0
33.63,39,0
82.67,64,0
102.26,3,1
33.63,47,0
79.75,25,0
118.3,70,0
43.06,32,0
61.74,67,1
30.03,2,0
47.85,27,0
73.05,2,0
51.41,42,1
80.07,7,0
118.71,47,1
80.93,31,0
34.57,7,1
90.43,37,0
87.92,41,0
52.26,55,1
62.33,10,1
50.45,19,0
103.28,57,0
79.36,40,0
100.72,56,0
49.41,2,0
34.11,3,1
108.86,66,1
20.83,26,0
76.91,59,0
116.76,1,0
46.92,17,1
118.4,18,1
23.54,7,0
45.8,53,0
45.99,69,0
114.82,41,1
117.96,13,1
93.44,25,0
48.75,35,0
60.9,15,0
40.16,11,0
96.66,35,0
94.31,13,1
69.85,65,0
87.05,20,0
95.25,43,0
97.39,39,0
80.52,40,0
59.05,56,0
87.11,23,0
106.92,6,1
63.64,42,0
32.05,19,0
81.9,45,1
68.05,63,0
112.39,52,0
44.07,33,1
97.65,41,0
95.2,51,1
87.65,37,1
75.17,13,0
79.79,54,0
106.64,34,1
69.53,26,1
118.02,35,1
26.94,52,0
75.59,53,0
38.94,62,0
49.65,26,1
104.1,44,1
40.51,42,0
78.27,40,0
59.63,14,1
50.56,55,0
67.23,64,1
94.32,68,0
117.68,14,1
35.63,38,0
32.94,2,0
78.06,66,0
33.71,68,0
40.2,7,0
54.16,44,0
46.59,10,0
92.16,21,1
89.55,1,1
99.42,35,1
47.45,35,1
38.2,27,0
66.26,5,0
75.05,53,1
82.27,35,0
68.29,27,1
32.98,4,0
108.4,37,1
119.13,32,0
106.2,8,1
105.23,49,1
57.74,21,0
81.71,41,0
71.83,41,0
23.69,13,0
94.3,35,1
104.24,66,0
24.91,63,0
109.33,41,1
57.82,5,0
89.56,50,1
91.73,49,0
88.25,14,1
50.04,61,0
50.26,33,0
67.61,64,0
24.85,71,0
69.16,21,0
78.86,11,1
43.46,46,0
116.46,30,1
36,57,1
77.52,16,1
62.08,9,0
32.24,69,0
56.43,53,0
119.87,52,1
99.79,55,0
54.99,38,0
113.7,27,0
91.32,27,0
69.52,51,0
101.22,45,1
85.49,7,0
56.07,40,0
67.19,13,1
79.84,11,1
92.62,16,1
55.6,42,0
78.65,18,0
71.66,18,0
79.35,8,1
108.83,13,1
106.71,34,1
103.12,31,1
36.17,64,0
53.14,9,0
112.62,42,0
112.5,48,0
83.65,60,0
99.29,56,0
77.17,72,0
23.94,27,0
48.77,40,0
68.08,48,1
63.49,36,1
113.25,18,1
84.57,66,0
20.08,30,0
21.95,25,0
49.7,40,0
47.37,32,0
102.95,55,1
92.11,41,0
88.06,45,0
58.42,65,0
38.53,60,1
41.17,2,0
90.37,67,1
46.25,7,1
42.63,52,0
79.32,37,0
34.74,16,0
25.1,55,0
21.39,3,0
100.82,11,1
100.26,9,1
21.5,53,0
79.53,10,1
50.74,50,0
80.61,70,0
41.56,20,0
114.79,38,1
30.59,55,0
31.95,72,0
34.05,70,0
49.29,22,0
79.87,15,0
40.9,32,0
65.23,35,0
65.28,52,1
58.18,64,0
118.76,57,0
21.01,70,0
106.55,40,1
29.27,54,0
38.21,33,0
64.78,68,0
92.91,33,0
39,48,0
33.93,5,1
41.28,26,0
36.87,62,1
105.3,30,0
94,26,1
76.97,55,0
105.53,20,1
34.83,39,0
57.75,69,0
51.96,9,0
22.99,5,1
58.79,22,0
90.94,28,1
44.82,3,0
84.79,17,0
36.75,13,0
97.24,22,0
67.93,1,1
26.04,10,0
97.07,17,1
107.7,28,1
78.97,32,1
80.98,10,1
62.07,43,1
24.85,70,0
85.09,2,1
70.19,35,0
98.64,71,1
74.7,31,0
64.41,42,0
103.78,3,1
87.57,26,1
25.17,23,0
32.6,30,0
102.64,11,1
60.14,49,1
70.51,58,0
53.71,26,1
82.38,51,1
77.76,20,1
42.22,14,0
83.96,55,0
55.67,32,0
65.08,6,1
60.07,25,0
42.18,24,0
44.79,65,1
37.63,40,0
63.23,16,0
80.97,40,0
60.91,7,0
111.26,19,1
48.1,5,0
41.56,68,0
75.24,3,0
55.02,59,0
113.8,39,0
82.96,68,0
63.7,9,1
48.96,39,0
23.67,10,0
74.84,3,1
52.04,17,1
68.1,49,0
100.93,40,1
41.88,55,0
28.94,33,0
99.71,41,0
37.44,30,0
100.13,19,1
23.69,1,0
104.71,69,0
102.16,6,1
109.76,45,0
57.43,42,0
50.63,2,1
111.9,21,1
52.12,42,0
112.53,55,0
80.3,59,0
78.12,60,0
93.57,40,0
59.97,5,0
56.71,25,1
63.12,7,0
53.6,7,0
89.81,61,1
46.82,50,0
105.35,66,0
113.09,11,1
66.47,49,0
20.61,8,1
114.08,5,1
63.35,45,1
103.32,13,0
71.52,72,0
68,46,0
34.47,25,0
25.79,71,0
85,45,0
57.36,64,0
22.46,46,0
27.48,65,0
103.02,22,1
93.43,7,1
24.81,24,0
92.51,29,1
21.38,22,0
81.1,33,1
42.26,49,0
82.05,45,0
76.44,53,0
70.75,44,1
45.73,8,0
55.89,60,0
48.8,43,0
39,72,0
83.05,56,1
21.08,25,1
34.48,52,0
70.94,27,0
66.58,72,0
72.1,55,0
89.07,26,0
119.99,57,1
114.89,55,1
115.24,44,0
88.42,41,0
93.61,37,0
115.68,24,1
40.73,62,0
87.48,61,0
29.77,55,0
69.87,58,0
95.81,22,1
21.2,15,0
35.99,41,0
31.04,30,0
100.3,14,1
57.49,16,0
83.06,21,1
96.19,36,0
44.86,40,1
57.35,16,0
53.95,42,1
90.67,61,0
77.17,65,0
34.37,50,0
49.67,42,0
59.2,6,0
72.22,3,1
78.59,49,0
50.91,13,0
55.97,48,1
112.93,11,0
74.49,1,0
78.9,48,0
45.12,27,0
58.88,50,1
84.59,56,0
56.53,65,0
66.77,13,0
37.7,67,0
68.12,19,1
113.16,9,1
22.57,18,0
58.32,63,0
45.03,41,0
77.76,34,0
26.82,62,0
85.04,1,1
25.42,36,0
49.11,46,0
51.07,70,0
64.17,12,0
63.61,3,1
119.22,37,0
81.16,19,1
51.5,3,1
106.24,36,1
53.77,50,0
87.16,70,0
109.95,61,0
104.42,59,1
28.96,33,0
49.93,54,0
73.09,46,0
57.91,24,1
104.53,63,1
106.11,33,1
88.13,31,1
70.05,72,0
100.09,66,0
24.65,37,0
46.18,57,0
39.86,53,0
101.61,25,1
104.32,46,1
103.28,52,0
47.07,5,0
21.95,4,0
83.06,34,0
94.81,54,0
70.57,28,1
56.46,2,0
50.98,23,1
55.96,37,1
56.29,40,0
73.86,54,0
85.24,46,0
60.34,11,1
78.3,45,0
89.58,60,0
109.15,3,1
114.8,29,1
62.08,31,0
83.66,29,1
37.79,16,0
28.03,33,0
76.59,33,1
101.7,45,0
95.97,67,0
77.18,25,0
118.88,34,1
119.52,8,1
52.14,55,0
37.2,35,0
57.21,68,0
73.89,25,0
101.12,51,0
89.87,25,1
110,66,0
92.33,10,0
45.51,37,0
50.87,27,0
94.68,19,0
40.52,57,0
48.6,22,1
109.89,48,1
36.8,32,0
34.36,69,0
93.35,40,0
74.28,42,1
74.24,5,0
90.32,58,0
85.15,44,1
96.12,54,1
48.08,9,1
118.41,66,0
116.37,52,0
22.81,17,0
94.71,56,0
56.68,18,0
55.41,5,1
21.94,55,0
95.89,1,1
35.76,5,0
31.23,7,0
91.38,21,0
64.52,12,0
22.61,57,0
111.97,14,1
98.49,67,0
62.51,25,1
32.91,23,0
101.87,53,0
91.68,50,0
61.22,54,0
37.49,24,0
21.08,24,0
54.09,39,0
38.94,24,0
76.23,7,1
78.81,55,0
48.18,5,0
112.6,43,1
90.4,43,1
47.65,1,0
91.52,17,1
80.87,29,0
60.82,43,0
36.73,64,0
22.45,19,0
35.47,20,0
78.66,7,1
41.85,1,0
24.44,55,0
111.45,23,1
107.01,30,1
102.65,9,0
80.97,25,1
92.36,14,1
99.69,31,1
106.77,5,1
90.03,21,0
53.56,64,0
69.76,8,0
97.62,42,1
61.92,7,1
78.3,62,0
50.06,11,1
34.71,68,1
47.56,67,0
40.3,34,0
42.52,72,0
72,66,0
112.06,49,0
78.15,3,0
46.15,45,0
57.4,60,0
76.35,49,0
35.95,64,0
87.08,63,0
21.83,36,0
21.24,55,0
86.47,50,0
40.56,58,0
58.39,4,1
35.95,40,0
90.86,14,1
81.48,68,0
26.11,22,1
60.63,55,0
30.5,60,0
60.25,23,0
65.57,58,1
82.46,23,0
27.89,7,0
54.2,6,1
22.37,29,0
54.15,6,0
98.34,37,1
94.12,32,1
101.62,58,0
25.56,2,0
35.15,11,1
85.31,18,0
59.28,1,0
38.38,38,1
32.84,55,0
32.89,35,0
82.42,11,1
70.2,70,0
68.82,22,1
107.28,56,1
39.23,5,0
95.97,1,0
41.94,67,0
35.67,1,0
34.41,17,0
108.64,69,0
86.87,38,0
65.68,61,0
91.6,55,0
90.72,47,0
84.67,60,0
111.6,26,1
39.96,6,0
63.5,20,0
23.7,4,0
35.74,47,1
90.22,10,1
94.01,30,1
62.97,45,0
55.09,34,1
68.43,11,0
22.36,22,0
104.9,34,1
85.26,42,0
38.58,47,0
74.74,8,0
107.37,33,1
42.95,41,0
53.97,65,1
97.62,15,1
43.79,42,1
27.64,58,0
61.85,17,1
39.94,63,0
85.17,60,0
82.17,2,1
61.79,26,0
34.87,40,0
38.39,7,0
62.54,34,0
58.91,65,0
25.73,14,1
20.55,4,1
108.3,46,0
50.55,49,0
116.25,68,0
87.58,30,0
105.43,21,0
63.28,28,0
112.56,39,1
95.44,45,0
47.7,17,0
88.65,72,1
112.13,33,1
94.07,50,0
87.25,43,0
94.41,15,1
31.34,43,0
24.11,50,0
57.31,4,1
70.17,22,0
115.04,48,1
114.85,3,1
84.46,52,0
51.54,54,0
73.24,63,0
87.47,5,1
105.72,58,1
75.7,33,0
29.44,68,0
91.12,6,1
103.52,43,0
59.28,55,0
39.47,13,0
45.84,72,1
23.71,33,0
72.87,3,0
79.08,22,1
78.23,13,0
109.7,63,0
62.65,52,0
43.76,51,0
71.25,8,0
26.65,54,0
85.96,23,1
93.46,21,0
41.88,7,0
38.98,21,0
107.28,34,1
49.19,33,0
118.61,16,1
92.91,41,0
113.02,17,1
95.18,57,0
52.48,25,0
57.54,30,0
23.42,72,0
109.48,38,1
72.16,62,0
54.48,46,1
101.06,63,0
99.18,62,0
98.17,36,0
73.2,59,0
30.94,7,0
108.83,54,0
33.28,52,0
102.98,30,0
75.32,28,0
75.73,51,0
93.44,34,1
58.85,6,1
100.86,49,0
105.21,42,0
99.29,12,1
61.7,17,0
36.65,69,0
92.48,67,0
29.47,24,1
25.69,18,0
22.21,22,0
85.23,24,0
89.32,5,1
38.51,69,0
99.62,41,0
99.08,48,0
83.15,27,0
115.53,42,1
34.48,11,1
26.11,3,0
114.15,32,1
104.67,13,1
55.56,67,0
60.13,51,0
116.24,4,1
29.74,33,0
90.93,23,1
75.37,51,0
108.3,1,0
93.3,42,1
82.95,27,1
35.55,32,0
67.42,31,1
63.52,32,1
35.56,40,0
103.31,67,1
48.82,6,0
83.59,61,0
68.12,55,0
76.61,16,1
81.11,18,1
30.61,50,0
68.67,42,0
36.24,65,0
62.94,62,0
87.05,13,0
77.28,70,0
46.69,13,1
50,51,0
21.07,40,0
49.6,67,0
90.38,36,1
27.27,48,0
117.46,5,1
100.13,30,0
109.1,36,1
71.87,26,0
54.34,31,0
66.67,38,0
30.86,24,0
42.94,14,0
57.49,62,0
60.22,38,0
86.59,27,0
33.86,56,0
66.44,16,1
34.7,22,1
75.28,36,0
22.75,19,0
100.5,19,1
103.69,33,1
40.14,32,0
75.01,55,0
81.3,34,0
33.2,22,0
89.73,44,0
107.77,49,0
115.04,55,0
93.39,59,1
20.17,34,0
97.11,12,1
54.42,5,0
61.07,29,0
20.31,14,0
53.62,25,0
52.44,33,1
66.09,24,0
102.53,40,1
85.71,8,1
56.66,62,0
98.81,40,1
58.16,14,0
114.4,58,0
97.18,41,1
50.54,39,0
44.1,19,0
35.49,59,0
108.81,28,1
74.02,16,1
110.65,20,0
119.87,37,1
75.52,32,0
53.41,62,0
86.87,14,0
107.4,68,0
117.79,32,1
60.4,39,0
93.44,24,0
51.61,1,1
65.66,68,0
43.87,32,1
89.23,22,1
61.63,16,0
88.98,40,1
114.97,44,1
25.09,66,0
81.86,67,0
94.67,48,0
88.7,50,0
107.45,53,0
99.92,61,0
108.26,6,1
118.09,22,1
74.86,6,0
98.1,42,0
77.95,9,0
27.68,54,0
66.88,45,0
35.07,58,0
75.63,40,1
25.6,5,0
93.65,52,0
20.22,11,0
28.73,72,0
110.16,45,0
117.42,6,1
51.08,31,0
84.2,4,1
85.36,51,1
81.23,58,0
108.13,48,1
98.15,54,0
50.44,31,0
25.4,39,0
64.63,36,0
62.6,63,0
83.69,12,1
94.47,60,0
78.94,10,0
66.29,45,0
41.94,26,0
65.35,40,1
96.76,38,1
45.82,4,1
90.73,39,1
97.87,51,1
58.65,23,0
50.86,31,0
31.08,30,0
67.99,69,0
93.67,30,1
71.77,18,0
112.33,41,1
21.45,66,0
111.63,2,0
77.96,13,0
100.86,37,0
63.36,58,0
51.45,31,0
60.88,67,0
49.76,27,0
32.01,18,0
47.84,25,1
47.56,18,0
54.03,5,1
21.83,52,0
96.09,58,0
64.72,2,1
80.12,29,0
30.49,9,0
23.17,58,0
38.46,3,0
23.14,62,0
113.88,70,0
69.09,17,0
100.25,46,1
75.96,21,0
30.99,12,1
21.05,49,0
63.23,55,0
40.71,32,0
100.63,39,1
71.1,41,0
73.87,8,1
112.81,18,1
27.62,26,0
22.21,27,0
75.78,53,1
30.47,50,0
46.31,14,0
34,38,0
35.3,53,0
76.96,5,1
25.85,37,0
82.96,65,0
93.6,8,1
57.42,4,0
90.52,48,0
25.34,71,0
78.38,33,0
46.42,56,0
38,31,0
48.76,65,0
80.38,48,1
61.97,27,0
83.61,65,1
114.77,13,1
72.58,56,0
44.93,19,0
94.3,39,0
73.04,35,0
33.63,10,0
44.03,10,0
31.83,63,0
30.74,44,0
85.08,62,0
93.76,9,0
64.72,68,0
34.67,50,0
104.05,16,1
119.69,14,1
21.95,65,0
73.69,7,1
99.64,10,1
72.4,20,1
44.66,43,0
67.35,24,0
49.22,20,0
116.74,38,1
89.91,64,1
94.66,51,0
21.36,46,0
60.09,6,0
65.39,41,0
32.18,27,0
45.72,10,1
34.95,40,0
61.7,66,0
41.62,31,0
72.27,65,1
108.78,62,0
71.66,57,0
62.51,25,0
49.52,66,0
42.45,11,0
25.32,19,1
98.58,24,1
115.82,51,1
111.07,42,1
49.19,3,0
44.37,45,0
50.78,31,0
52.82,33,0
81.46,3,1
83.51,46,0
30.81,48,0
69.81,6,1
24.76,2,0
85.78,68,0
115.46,22,1
115.68,33,0
111.04,23,1
67.59,9,1
56.92,1,1
58.95,68,0
114.08,3,1
88.63,6,1
61.7,72,0
68.03,27,0
94.71,54,0
93.49,23,0
67.12,34,1
61.14,14,0
60.21,51,0
87.13,48,0
89.07,45,0
25.89,72,0
66.02,70,0
70.55,34,0
35.72,53,0
50.29,71,0
40.02,15,0
31.69,27,0
105.13,33,1
53.98,29,0
26.18,63,0
84.51,58,0
96.37,61,1
73.68,69,0
70.24,45,0
95.6,36,1
108.6,56,0
102.66,13,1
70.09,67,0
99.63,10,1
39.29,55,0
57.28,12,1
60.72,71,0
29.21,39,0
20.2,1,0
58.96,31,1
35.85,60,0
107.89,33,1
79.05,60,0
65.17,16,0
73.27,36,0
25.08,51,0
95.34,28,0
88.84,61,0
32.79,60,0
81.1,42,0
84.97,19,0
54.44,65,0
88.89,63,0
76.88,30,0
47.67,9,0
111.46,16,0
24.6,31,0
110.31,68,0
101.75,35,1
52.41,68,0
61.76,21,1
70.43,65,0
75.21,20,0
27.3,34,0
51.92,6,1
43.34,20,0
29.76,5,1
117.77,66,0
54.23,57,0
113.29,1,1
101.01,30,1
60.93,61,0
99.75,17,0
44.43,43,0
97.84,2,1
28.59,67,0
41.2,38,0
118.33,70,0
24.52,65,0
74.56,65,0
87.38,30,0
47.63,51,0
69.3,50,0
105.95,33,0
68.48,17,0
33.58,23,0
51.72,22,0
96.63,5,1
24.52,22,1
112.52,8,1
88.29,42,0
61.68,60,1
33.53,65,0
112.66,52,1
43.16,31,1
93.94,3,1
20.81,12,0
